Entités administratives,Nombre d'habitants,Revenu total net imposable,Revenu moyen par déclaration,Revenu médian par déclaration,Revenu moyen par habitant,Indice de richesse,Impôt d'Etat,Taxes communales et d'agglomération,Impôt total,Code INS
Belgique,11.697.557,254.676.934.997,37.594,28.145,21.772,100,55.067.368.599,4.016.904.513,59.084.273.113,01000
Région flamande,6.774.807,157.664.364.660,39.735,30.106,23.272,107,35.449.028.578,2.526.371.455,37.975.400.033,02000
Région wallonne,3.681.575,75.745.979.320,35.185,26.496,20.574,94,15.002.559.478,1.207.062.120,16.209.621.598,03000
Communauté germanophone,79.383,1.677.506.156,37.385,28.568,21.132,97,227.309.651,19.575.562,246.885.214,03001
Région de Bruxelles-Capitale,1.241.175,21.266.591.017,32.530,22.790,17.134,79,4.615.780.543,283.470.938,4.899.251.481,04000
Province d’Anvers,1.910.952,43.463.433.801,39.117,29.528,22.744,104,9.722.252.776,693.745.919,10.415.998.694,10000
Arrondissement d’Anvers,1.078.084,23.918.561.279,38.432,28.597,22.186,102,5.373.516.467,379.748.776,5.753.265.243,11000
Aartselaar,14.752,398.803.725,46.475,34.397,27.034,124,99.799.231,4.852.750,104.651.981,11001
Anvers,538.910,10.260.444.241,33.144,25.683,19.039,87,2.135.880.602,172.834.907,2.308.715.509,11002
Boechout,13.806,372.286.073,45.893,32.827,26.966,124,93.868.301,6.464.929,100.333.231,11004
Boom,19.062,385.191.530,35.052,27.780,20.207,93,79.867.977,6.302.519,86.170.497,11005
Borsbeek,11.309,241.895.451,37.667,29.577,21.390,98,51.769.408,3.605.989,55.375.397,11007
Brasschaat,38.575,1.016.646.549,44.845,31.615,26.355,121,244.459.549,14.794.498,259.254.046,11008
Brecht,30.387,758.067.899,43.104,32.681,24.947,115,175.690.946,12.446.494,188.137.439,11009
Edegem,22.761,604.980.112,46.533,34.133,26.580,122,151.142.810,9.876.241,161.019.051,11013
Essen,19.629,437.343.248,40.249,31.495,22.280,102,87.318.198,7.274.484,94.592.682,11016
Hemiksem,12.105,271.558.165,40.071,32.466,22.434,103,62.162.962,4.628.632,66.791.593,11018
Hove,8.444,259.698.488,54.650,35.621,30.755,141,70.010.016,5.245.107,75.255.123,11021
Kalmthout,19.422,497.832.712,44.910,33.168,25.632,118,116.401.085,8.961.580,125.362.666,11022
Kapellen,27.743,776.517.979,48.378,33.995,27.990,129,188.620.506,10.687.414,199.307.920,11023
Kontich,21.624,595.438.627,47.563,33.895,27.536,126,152.721.176,8.655.948,161.377.124,11024
Lint,8.548,238.317.131,49.158,34.512,27.880,128,60.238.810,4.793.355,65.032.165,11025
Mortsel,26.391,645.901.978,41.585,31.214,24.474,112,157.215.284,10.174.622,167.389.906,11029
Niel,10.799,239.800.766,38.765,31.517,22.206,102,52.816.755,4.182.974,56.999.729,11030
Ranst,19.609,510.777.742,44.935,33.354,26.048,120,124.445.445,8.022.410,132.467.856,11035
Rumst,15.417,393.114.835,43.987,33.441,25.499,117,95.177.841,6.158.163,101.336.004,11037
Schelle,8.662,213.967.270,42.336,33.215,24.702,113,50.513.076,3.000.655,53.513.731,11038
Schilde,20.293,610.739.559,52.053,33.742,30.096,138,153.730.208,7.944.029,161.674.237,11039
Schoten,34.360,880.045.125,43.195,31.175,25.612,118,208.763.476,13.644.464,222.407.940,11040
Stabroek,18.837,480.787.256,43.170,33.478,25.524,117,114.404.444,7.411.741,121.816.184,11044
Wijnegem,10.432,249.471.425,40.604,31.301,23.914,110,57.359.850,3.144.287,60.504.136,11050
Wommelgem,13.230,316.981.689,41.392,31.223,23.959,110,72.885.080,3.632.779,76.517.859,11052
Wuustwezel,21.644,500.857.640,39.751,30.687,23.141,106,109.075.786,7.774.211,116.849.997,11053
Zandhoven,13.352,333.859.304,42.709,32.180,25.004,115,76.677.460,5.336.168,82.013.628,11054
Zoersel,22.427,589.568.772,44.885,33.081,26.288,121,142.008.154,9.226.763,151.234.916,11055
Zwijndrecht,19.547,448.554.329,39.573,31.143,22.947,105,100.565.978,2.499.564,103.065.542,11056
Malle,16.007,389.111.660,40.856,30.447,24.309,112,87.926.052,6.171.101,94.097.153,11057
Arrondissement de Malines,356.300,8.589.676.605,41.115,30.932,24.108,111,2.016.408.470,145.434.689,2.161.843.158,12000
Berlaar,11.949,279.551.889,39.462,30.348,23.395,107,62.417.273,4.811.837,67.229.109,12002
Bonheiden,15.458,456.906.940,51.407,34.766,29.558,136,121.807.342,9.082.295,130.889.637,12005
Bornem,21.982,572.812.506,43.169,32.726,26.058,120,138.781.975,10.036.854,148.818.829,12007
Duffel,17.982,447.023.259,41.935,30.866,24.859,114,107.279.803,6.934.992,114.214.795,12009
Heist-op-den-Berg,44.226,1.054.500.715,39.914,30.715,23.843,110,234.325.226,17.421.251,251.746.477,12014
Lierre,37.909,898.009.667,38.751,29.624,23.689,109,205.662.630,16.168.649,221.831.279,12021
Malines,88.614,2.017.346.595,39.500,29.870,22.766,105,477.682.376,32.281.956,509.964.332,12025
Nijlen,23.409,562.781.788,41.284,31.353,24.041,110,127.402.163,8.843.875,136.246.038,12026
Putte,18.631,464.694.801,42.054,31.735,24.942,115,107.890.601,8.019.230,115.909.831,12029
Sint-Katelijne-Waver,21.595,546.290.945,43.830,31.938,25.297,116,132.686.565,9.619.833,142.306.398,12035
Willebroek,27.773,602.736.982,38.600,29.939,21.702,100,133.657.593,9.956.123,143.613.716,12040
Puurs-Sint-Amands,26.772,687.020.518,44.065,33.463,25.662,118,166.814.924,12.257.794,179.072.718,12041
Arrondissement de Turnhout,476.568,10.955.195.917,39.150,30.743,22.988,106,2.332.327.839,168.562.453,2.500.890.292,13000
Arendonk,13.344,287.981.226,37.454,30.737,21.581,99,55.925.894,4.211.338,60.137.231,13001
Baerle-Duc,3.012,59.972.079,36.725,28.241,19.911,91,8.436.768,866.261,9.303.029,13002
Balen,23.308,526.952.131,38.761,31.504,22.608,104,111.194.165,8.936.603,120.130.768,13003
Beerse,18.416,449.587.638,42.116,32.646,24.413,112,101.946.562,7.051.381,108.997.944,13004
Dessel,9.805,214.975.184,37.808,31.168,21.925,101,44.261.722,2.681.090,46.942.813,13006
Geel,41.828,989.237.483,39.612,30.648,23.650,109,223.488.599,15.594.655,239.083.254,13008
Grobbendonk,11.519,285.798.924,41.814,32.268,24.811,114,65.782.841,4.896.774,70.679.615,13010
Herentals,28.575,681.967.712,38.434,29.832,23.866,110,148.048.794,10.588.797,158.637.591,13011
Herenthout,9.417,216.027.109,37.833,30.024,22.940,105,45.658.765,3.404.555,49.063.320,13012
Herselt,14.805,349.595.284,39.285,31.204,23.613,108,75.058.624,5.500.203,80.558.827,13013
Hoogstraten,22.245,484.315.723,38.493,29.849,21.772,100,92.737.800,6.302.955,99.040.755,13014
Hulshout,10.564,249.358.219,39.250,30.927,23.605,108,54.330.442,3.776.994,58.107.435,13016
Kasterlee,19.478,479.491.220,42.072,32.251,24.617,113,109.195.318,7.655.064,116.850.382,13017
Lille,16.871,397.551.893,40.295,31.755,23.564,108,88.646.876,5.753.011,94.399.886,13019
Meerhout,10.348,240.227.657,39.151,31.773,23.215,107,52.005.298,4.137.337,56.142.635,13021
Merksplas,8.799,198.453.382,38.974,30.223,22.554,104,41.996.397,2.766.398,44.762.795,13023
Mol,38.159,885.270.142,39.398,30.381,23.200,107,191.695.622,14.928.961,206.624.583,13025
Olen,12.689,298.437.127,39.850,31.913,23.519,108,65.767.409,3.926.526,69.693.935,13029
Oud-Turnhout,14.734,354.346.396,43.213,32.682,24.050,110,72.208.406,5.404.515,77.612.921,13031
Ravels,15.338,318.351.141,37.195,30.155,20.756,95,52.263.582,3.252.860,55.516.442,13035
Retie,11.841,284.796.754,42.236,31.378,24.052,110,60.630.350,4.478.098,65.108.447,13036
Rijkevorsel,12.531,274.784.424,37.985,30.084,21.928,101,56.589.032,4.203.934,60.792.966,13037
Turnhout,46.923,947.437.967,34.133,27.404,20.191,93,186.735.790,14.437.853,201.173.643,13040
Vorselaar,8.044,188.841.297,39.941,31.566,23.476,108,41.393.792,3.081.517,44.475.309,13044
Vosselaar,11.802,293.885.715,44.100,33.726,24.901,114,68.351.333,5.181.538,73.532.870,13046
Westerlo,25.466,606.009.129,39.958,31.617,23.797,109,134.239.225,9.320.711,143.559.935,13049
Laakdal,16.707,391.542.958,39.347,31.971,23.436,108,83.738.435,6.222.526,89.960.961,13053
Province du Brabant flamand,1.187.483,29.808.966.587,44.465,32.110,25.103,115,7.399.882.917,525.793.584,7.925.676.501,20001
Province du Brabant wallon,412.934,10.270.778.510,43.238,29.702,24.873,114,2.529.723.986,177.921.206,2.707.645.193,20002
Arrondissement de Bruxelles-Capitale,1.241.175,21.266.591.017,32.530,22.790,17.134,79,4.615.780.543,283.470.938,4.899.251.481,21000
Anderlecht,125.065,1.691.574.511,26.481,21.337,13.526,62,276.822.273,15.650.190,292.472.463,21001
Auderghem,35.346,798.283.233,42.739,28.443,22.585,104,212.724.999,12.720.426,225.445.425,21002
Berchem-Sainte-Agathe,25.396,451.854.430,32.997,24.327,17.792,82,92.976.912,6.344.723,99.321.635,21003
Bruxelles,194.291,2.974.146.469,29.704,21.542,15.308,70,601.214.563,36.141.560,637.356.123,21004
Etterbeek,49.558,890.398.968,33.904,23.665,17.967,83,217.407.141,13.838.206,231.245.347,21005
Evere,44.255,704.140.347,31.133,24.158,15.911,73,140.595.603,9.174.704,149.770.306,21006
Forest,57.724,1.015.145.919,31.301,22.909,17.586,81,215.287.701,15.258.880,230.546.582,21007
Ganshoren,25.548,439.654.887,31.069,23.789,17.209,79,84.268.558,5.511.559,89.780.117,21008
Ixelles,88.521,1.811.900.080,36.192,23.015,20.469,94,453.487.680,34.105.168,487.592.848,21009
Jette,53.704,922.397.755,31.547,24.172,17.176,79,185.785.809,11.933.684,197.719.492,21010
Koekelberg,22.563,327.670.492,28.773,22.526,14.522,67,59.775.308,3.666.091,63.441.399,21011
Molenbeek-Saint-Jean,98.270,1.234.544.703,25.895,21.063,12.563,58,193.303.338,12.538.298,205.841.636,21012
Saint-Gilles,49.323,821.766.077,28.468,20.649,16.661,77,169.737.697,10.914.305,180.652.002,21013
Saint-Josse-ten-Noode,27.068,319.845.381,22.954,18.781,11.816,54,50.231.631,3.372.042,53.603.674,21014
Schaerbeek,130.775,1.945.912.465,29.105,21.913,14.880,68,383.682.106,17.967.380,401.649.486,21015
Uccle,86.101,2.076.534.399,43.622,26.467,24.117,111,532.965.010,29.989.174,562.954.185,21016
Watermael-Boitsfort,25.392,593.631.468,40.887,26.474,23.379,107,151.690.202,10.496.200,162.186.402,21017
Woluwe-Saint-Lambert,59.778,1.208.744.131,39.198,27.211,20.221,93,309.461.161,16.730.678,326.191.838,21018
Woluwe-Saint-Pierre,42.497,1.038.445.301,49.629,29.517,24.436,112,284.362.851,17.117.668,301.480.519,21019
Arrondissement de Hal-Vilvorde,664.201,16.193.670.139,43.897,31.674,24.381,112,3.977.510.455,278.792.527,4.256.302.982,23000
Asse,35.191,797.475.283,40.679,29.700,22.661,104,188.257.730,12.914.471,201.172.201,23002
Beersel,26.474,658.469.597,45.534,32.780,24.872,114,164.784.981,11.265.818,176.050.799,23003
Biévène,2.265,54.695.943,42.106,32.079,24.148,111,13.012.416,1.028.792,14.041.208,23009
Dilbeek,44.650,1.108.685.158,43.900,32.113,24.831,114,274.343.357,18.815.145,293.158.501,23016
Gammerages,8.912,224.834.290,44.068,34.017,25.228,116,52.641.515,3.897.032,56.538.547,23023
Gooik,9.428,243.699.910,44.141,33.405,25.849,119,58.474.235,4.226.199,62.700.433,23024
Grimbergen,39.368,976.438.691,44.281,31.774,24.803,114,243.188.402,16.504.202,259.692.604,23025
Hal,42.047,956.396.869,38.908,30.101,22.746,104,218.457.457,15.389.599,233.847.056,23027
Herne,6.763,172.158.090,44.177,34.078,25.456,117,42.057.266,3.289.807,45.347.072,23032
Hoeilaart,11.537,316.047.260,51.432,33.382,27.394,126,85.737.650,5.930.497,91.668.147,23033
Kampenhout,12.445,343.218.590,47.956,34.558,27.579,127,88.515.442,6.126.309,94.641.751,23038
Kapelle-op-den-Bos,9.659,253.660.718,44.261,32.868,26.262,121,61.286.483,4.750.824,66.037.307,23039
Liedekerke,13.877,310.000.563,39.013,30.326,22.339,103,69.069.119,5.334.395,74.403.514,23044
Londerzeel,19.288,494.996.211,43.949,32.900,25.663,118,121.190.233,9.501.949,130.692.182,23045
Machelen,16.486,309.643.821,35.111,28.318,18.782,86,63.134.786,3.147.505,66.282.291,23047
Meise,20.239,556.068.841,48.527,33.981,27.475,126,143.809.317,11.467.260,155.276.576,23050
Merchtem,17.740,447.866.064,43.469,32.036,25.246,116,110.261.256,7.769.709,118.030.965,23052
Opwijk,14.890,374.623.553,44.529,33.534,25.159,116,91.230.058,7.059.307,98.289.365,23060
Overijse,25.978,733.140.450,53.300,33.781,28.222,130,201.304.270,14.595.559,215.899.830,23062
Pepingen,4.567,121.467.208,46.808,33.126,26.597,122,30.505.948,2.265.283,32.771.231,23064
Sint-Pieters-Leeuw,36.052,754.989.445,37.716,29.043,20.942,96,164.251.912,12.109.797,176.361.709,23077
Steenokkerzeel,12.614,321.881.228,45.579,33.463,25.518,117,80.817.380,5.376.714,86.194.094,23081
Ternat,16.488,410.495.004,43.623,33.202,24.897,114,100.153.168,6.837.112,106.990.280,23086
Vilvorde,46.993,940.080.011,37.234,29.017,20.005,92,206.304.963,14.782.907,221.087.870,23088
Zaventem,36.408,805.702.590,41.981,29.919,22.130,102,195.758.282,9.781.804,205.540.086,23094
Zemst,23.357,663.468.716,50.492,36.954,28.406,130,175.033.240,12.148.165,187.181.405,23096
Roosdaal,11.866,307.801.816,45.352,33.633,25.940,119,75.909.013,5.646.468,81.555.481,23097
Drogenbos,5.851,114.081.882,34.279,26.668,19.498,90,24.339.691,1.704.822,26.044.512,23098
Kraainem,14.051,356.459.239,53.968,32.882,25.369,117,100.025.902,7.518.386,107.544.288,23099
Linkebeek,4.640,123.532.966,46.319,30.657,26.623,122,32.328.428,2.447.838,34.776.266,23100
Rhode-Saint-Genèse,18.739,536.112.940,53.638,32.847,28.609,131,143.769.793,8.656.548,152.426.341,23101
Wemmel,17.743,417.391.452,42.687,29.512,23.524,108,103.424.404,7.550.189,110.974.593,23102
Wezembeek-Oppem,14.608,391.819.596,53.114,33.282,26.822,123,106.350.661,7.730.899,114.081.560,23103
Lennik,9.431,253.443.048,46.735,34.298,26.873,123,63.499.978,5.363.167,68.863.144,23104
Affligem,13.556,342.823.092,45.637,34.876,25.289,116,84.281.720,5.858.052,90.139.772,23105
Arrondissement de Louvain,523.282,13.615.296.448,45.161,32.650,26.019,120,3.422.372.462,247.001.057,3.669.373.520,24000
Aarschot,30.854,768.038.579,40.395,31.300,24.893,114,176.689.310,14.010.854,190.700.164,24001
Begijnendijk,10.487,266.819.968,43.612,33.342,25.443,117,63.044.628,4.993.997,68.038.625,24007
Bekkevoort,6.672,163.194.726,40.963,31.161,24.460,112,37.488.755,2.826.092,40.314.847,24008
Bertem,10.276,290.274.907,50.439,35.142,28.248,130,77.557.085,5.758.383,83.315.468,24009
Bierbeek,10.469,305.943.635,52.676,37.719,29.224,134,83.346.677,5.758.258,89.104.935,24011
Boortmeerbeek,13.263,363.713.439,49.150,36.125,27.423,126,95.423.637,5.473.528,100.897.166,24014
Boutersem,8.527,235.848.729,49.694,36.121,27.659,127,61.753.294,4.650.281,66.403.576,24016
Diest,24.677,595.137.121,40.264,31.304,24.117,111,135.811.000,10.674.793,146.485.793,24020
Geetbets,6.263,141.257.577,38.690,30.578,22.554,104,29.737.571,2.375.733,32.113.304,24028
Haacht,15.425,419.023.935,47.455,34.772,27.165,125,104.257.647,6.895.792,111.153.439,24033
Herent,22.723,656.061.376,51.119,36.516,28.872,133,178.273.089,13.663.934,191.937.023,24038
Hoegaarden,6.797,184.252.754,46.435,34.995,27.108,125,46.668.836,3.475.399,50.144.235,24041
Holsbeek,10.158,287.955.090,49.451,35.269,28.348,130,75.014.401,5.200.651,80.215.052,24043
Huldenberg,10.080,277.975.121,48.810,34.020,27.577,127,74.089.699,5.877.451,79.967.149,24045
Keerbergen,13.196,422.979.845,54.918,35.955,32.054,147,114.723.608,7.532.519,122.256.128,24048
Kortenaken,7.970,191.806.509,41.916,32.432,24.066,111,42.777.038,3.298.886,46.075.924,24054
Kortenberg,20.920,563.744.459,48.540,33.946,26.948,124,150.356.592,11.800.951,162.157.543,24055
Landen,16.284,391.683.257,41.549,32.527,24.053,110,89.287.836,7.003.994,96.291.830,24059
Louvain,103.009,2.552.202.286,43.012,30.408,24.776,114,668.964.005,44.675.584,713.639.589,24062
Lubbeek,14.911,426.199.949,50.956,36.800,28.583,131,112.196.587,8.350.785,120.547.372,24066
Oud-Heverlee,11.545,360.578.599,58.045,39.274,31.232,143,100.868.267,6.546.069,107.414.336,24086
Rotselaar,17.499,485.120.991,49.196,35.968,27.723,127,125.900.189,8.120.373,134.020.562,24094
Tervuren,23.101,649.455.720,56.494,34.270,28.114,129,183.521.650,12.405.209,195.926.859,24104
Tirlemont,36.282,828.860.681,38.387,29.289,22.845,105,184.032.760,13.947.013,197.979.773,24107
Tremelo,15.338,408.044.116,44.199,32.140,26.603,122,99.516.128,6.891.721,106.407.849,24109
Léau,8.668,206.161.547,39.570,30.517,23.784,109,45.303.213,3.732.359,49.035.572,24130
Linter,7.317,179.757.413,41.238,33.103,24.567,113,41.002.644,3.244.900,44.247.545,24133
Montaigu-Zichem,23.705,564.705.316,39.615,31.519,23.822,109,122.630.468,9.742.664,132.373.132,24134
Tielt-Winge,11.440,287.116.418,43.039,32.394,25.098,115,67.993.585,5.328.966,73.322.552,24135
Glabbeek,5.426,141.382.384,44.572,34.404,26.056,120,34.142.261,2.743.920,36.886.180,24137
Arrondissement de Nivelles,412.934,10.270.778.510,43.238,29.702,24.873,114,2.529.723.986,177.921.206,2.707.645.193,25000
Beauvechain,7.232,187.784.108,46.620,32.439,25.966,119,46.340.234,3.267.257,49.607.491,25005
Braine-l’Alleud,40.469,1.027.108.060,43.475,30.512,25.380,117,255.271.982,14.481.161,269.753.143,25014
Braine-le-Château,10.671,268.890.167,43.559,30.937,25.198,116,65.982.521,5.263.505,71.246.026,25015
Chaumont-Gistoux,11.813,342.360.800,50.803,31.837,28.982,133,91.369.483,7.323.138,98.692.622,25018
Court-Saint-Etienne,10.750,254.325.016,41.989,30.088,23.658,109,62.838.186,4.981.273,67.819.460,25023
Genappe,15.915,400.897.399,44.783,31.074,25.190,116,98.035.028,7.330.592,105.365.621,25031
Grez-Doiceau,14.067,376.165.156,46.950,31.019,26.741,123,94.258.437,6.461.329,100.719.766,25037
Incourt,5.614,138.072.660,44.113,31.848,24.594,113,33.788.669,2.350.969,36.139.638,25043
Ittre,7.039,175.836.625,42.679,30.488,24.980,115,42.208.274,3.320.888,45.529.162,25044
Jodoigne,14.789,342.393.539,39.574,28.112,23.152,106,80.020.814,6.393.231,86.414.044,25048
La Hulpe,7.564,203.995.667,47.463,29.267,26.969,124,51.330.162,3.204.140,54.534.303,25050
Mont-Saint-Guibert,8.361,212.117.139,43.035,30.495,25.370,117,53.905.318,4.040.108,57.945.425,25068
Nivelles,29.018,711.628.662,39.782,28.900,24.524,113,169.577.563,11.834.975,181.412.538,25072
Perwez,9.639,232.966.144,40.979,29.651,24.169,111,56.092.163,4.194.099,60.286.262,25084
Rixensart,23.115,619.449.659,46.843,29.985,26.799,123,161.221.241,10.609.832,171.831.072,25091
Tubize,28.057,552.824.695,34.640,27.225,19.704,91,109.286.568,8.742.829,118.029.397,25105
Villers-la-Ville,11.118,276.633.331,44.726,32.560,24.882,114,68.930.226,5.465.506,74.395.731,25107
Waterloo,30.477,841.625.722,49.868,31.144,27.615,127,228.156.887,13.078.203,241.235.090,25110
Wavre,35.444,861.609.349,41.008,28.507,24.309,112,207.676.390,14.110.784,221.787.174,25112
Chastre,7.742,195.698.543,46.385,32.405,25.278,116,49.252.410,3.914.231,53.166.641,25117
Hélécine,3.789,85.646.357,39.891,30.378,22.604,104,19.519.113,1.708.323,21.227.437,25118
Lasne,14.313,435.062.083,54.821,32.122,30.396,140,117.835.664,6.865.760,124.701.425,25119
Orp-Jauche,9.097,213.911.705,41.050,30.354,23.515,108,49.834.326,3.958.212,53.792.538,25120
Ottignies-Louvain-la-Neuve,31.526,721.215.747,39.460,27.217,22.877,105,178.016.871,13.628.288,191.645.159,25121
Ramillies,6.667,155.515.819,41.828,30.604,23.326,107,36.048.618,2.681.445,38.730.063,25122
Rebecq,11.081,241.057.608,38.342,28.727,21.754,100,52.352.688,4.433.217,56.785.905,25123
Walhain,7.567,195.986.752,46.630,32.526,25.900,119,50.574.150,4.277.909,54.852.059,25124
Province de Flandre occidentale,1.220.026,27.811.507.618,37.809,29.167,22.796,105,5.880.415.006,396.628.007,6.277.043.013,30000
Arrondissement de Bruges,285.637,7.101.795.601,40.269,29.871,24.863,114,1.606.875.042,97.174.882,1.704.049.924,31000
Beernem,16.131,380.320.876,40.038,31.641,23.577,108,84.759.785,6.543.860,91.303.645,31003
Blankenberge,20.511,456.624.778,33.019,25.711,22.262,102,85.531.598,5.140.588,90.672.186,31004
Bruges,119.541,2.870.501.533,38.379,29.506,24.013,110,646.334.943,44.509.830,690.844.774,31005
Damme,11.146,269.877.072,40.996,31.562,24.213,111,59.349.732,4.757.679,64.107.411,31006
Jabbeke,14.539,373.621.342,43.617,33.476,25.698,118,87.760.018,6.743.714,94.503.732,31012
Oostkamp,24.200,588.923.793,42.060,32.910,24.336,112,135.250.803,10.698.207,145.949.011,31022
Torhout,20.782,465.698.342,37.923,30.015,22.409,103,97.917.933,7.769.296,105.687.228,31033
Zedelgem,23.391,561.801.431,41.860,32.732,24.018,110,124.989.862,9.949.830,134.939.692,31040
Zuienkerke,2.751,68.746.825,41.970,32.588,24.990,115,15.605.887,1.061.878,16.667.765,31042
Knokke-Heist,32.645,1.065.679.609,49.006,28.601,32.644,150,269.374.481,0,269.374.481,31043
Arrondissement de Dixmude,52.486,1.097.917.466,35.692,28.912,20.918,96,212.984.792,16.589.025,229.573.818,32000
Dixmude,17.174,362.309.111,35.138,28.143,21.096,97,70.937.438,5.658.108,76.595.547,32003
Houthulst,10.332,210.133.967,34.993,28.591,20.338,93,40.066.811,2.979.005,43.045.816,32006
Koekelare,8.870,190.133.372,36.620,29.558,21.436,98,36.906.303,2.566.216,39.472.519,32010
Kortemark,12.873,269.216.638,36.386,30.028,20.913,96,52.504.377,4.416.094,56.920.471,32011
Lo-Reninge,3.237,66.124.378,35.666,27.677,20.428,94,12.569.863,969.602,13.539.464,32030
Arrondissement d’Ypres,107.840,2.266.782.907,35.638,28.276,21.020,97,442.267.705,35.254.615,477.522.320,33000
Ypres,35.387,769.276.458,36.057,28.243,21.739,100,154.568.012,12.307.432,166.875.444,33011
Messines,1.074,17.999.023,29.899,25.762,16.759,77,2.721.614,261.348,2.982.962,33016
Poperinge,19.947,411.097.637,34.695,27.485,20.609,95,76.826.663,6.158.490,82.985.153,33021
Wervik,19.190,388.084.730,34.947,28.101,20.223,93,74.107.186,5.944.389,80.051.575,33029
Zonnebeke,12.658,272.320.390,37.136,30.231,21.514,99,55.789.025,4.427.036,60.216.061,33037
Heuvelland,7.958,162.963.199,34.453,27.709,20.478,94,29.843.094,2.435.356,32.278.450,33039
Langemark-Poelkapelle,8.015,173.895.675,37.713,29.254,21.696,100,35.033.748,2.782.942,37.816.690,33040
Vleteren,3.611,71.145.794,34.858,28.077,19.703,90,13.378.362,937.622,14.315.984,33041
Arrondissement de Courtrai,299.735,6.663.983.127,37.981,29.691,22.233,102,1.411.990.760,106.024.912,1.518.015.672,34000
Anzegem,15.222,359.412.736,40.945,32.600,23.611,108,80.452.556,6.391.713,86.844.269,34002
Avelgem,10.319,227.015.027,37.258,29.853,22.000,101,46.412.671,3.225.095,49.637.767,34003
Deerlijk,12.561,291.148.940,40.125,31.769,23.179,106,63.281.995,5.020.812,68.302.807,34009
Harelbeke,29.574,653.547.764,37.874,30.547,22.099,102,134.925.672,10.041.628,144.967.300,34013
Courtrai,78.944,1.763.025.169,37.694,28.248,22.333,103,383.629.161,30.310.371,413.939.532,34022
Kuurne,14.033,304.061.380,37.946,29.974,21.668,100,62.059.353,4.869.300,66.928.653,34023
Lendelede,5.863,132.556.331,38.556,31.154,22.609,104,27.336.605,2.173.363,29.509.968,34025
Menin,34.322,678.045.277,33.568,26.819,19.755,91,125.992.057,10.118.413,136.110.470,34027
Waregem,39.488,908.094.370,38.756,30.343,22.997,106,198.664.438,13.427.128,212.091.566,34040
Wevelgem,31.795,711.550.191,38.936,31.433,22.379,103,150.233.645,10.139.912,160.373.557,34041
Zwevegem,25.558,591.197.813,40.149,31.584,23.132,106,129.693.720,9.652.115,139.345.835,34042
Espierres-Helchin,2.056,44.328.129,36.394,27.274,21.560,99,9.308.887,655.061,9.963.948,34043
Arrondissement d’Ostende,159.324,3.575.726.581,35.416,27.641,22.443,103,728.091.509,45.134.097,773.225.606,35000
Bredene,18.081,415.645.619,37.625,30.047,22.988,106,87.935.497,6.102.460,94.037.957,35002
Gistel,12.265,276.720.114,38.116,30.301,22.562,104,59.465.063,4.243.858,63.708.921,35005
Ichtegem,14.355,310.883.726,37.281,30.262,21.657,99,62.161.554,4.744.827,66.906.381,35006
Middelkerke,19.755,460.095.307,34.983,27.293,23.290,107,89.374.654,2.673.286,92.047.940,35011
Ostende,72.175,1.561.884.144,33.257,25.991,21.640,99,311.008.809,20.222.823,331.231.632,35013
Oudenburg,9.911,223.618.601,38.297,30.899,22.563,104,46.923.458,3.585.883,50.509.340,35014
De Haan,12.782,326.879.071,39.082,28.812,25.573,117,71.222.475,3.560.960,74.783.434,35029
Arrondissement de Roulers,158.103,3.439.091.044,37.104,29.327,21.752,100,710.364.936,56.439.834,766.804.770,36000
Hooglede,10.142,227.977.079,39.051,30.713,22.479,103,49.003.794,3.882.567,52.886.361,36006
Ingelmunster,11.454,250.257.260,37.158,30.218,21.849,100,51.173.617,4.053.555,55.227.172,36007
Izegem,29.013,634.563.954,36.788,29.379,21.872,100,130.066.265,9.034.887,139.101.153,36008
Ledegem,9.770,208.127.672,37.206,30.170,21.303,98,41.487.272,3.089.392,44.576.665,36010
Lichtervelde,9.166,207.171.047,38.774,31.320,22.602,104,43.640.431,3.246.081,46.886.512,36011
Moorslede,11.451,247.207.635,37.484,29.887,21.588,99,48.892.328,3.881.240,52.773.568,36012
Roulers,65.468,1.423.227.653,36.817,28.720,21.739,100,298.210.824,25.450.247,323.661.071,36015
Staden,11.639,240.558.744,36.023,28.789,20.668,95,47.890.404,3.801.864,51.692.268,36019
Arrondissement de Tielt,95.182,2.105.854.160,37.743,29.944,22.125,102,437.387.520,31.850.097,469.237.617,37000
Dentergem,8.632,193.960.505,38.846,30.347,22.470,103,40.820.356,3.025.442,43.845.798,37002
Meulebeke,11.100,241.217.322,36.322,29.176,21.731,100,46.996.624,3.509.126,50.505.750,37007
Oostrozebeke,8.021,174.565.917,36.953,29.880,21.764,100,35.409.853,2.634.636,38.044.489,37010
Pittem,6.834,147.175.575,36.905,30.145,21.536,99,30.230.962,2.253.011,32.483.973,37011
Ruiselede,5.504,124.468.406,38.860,30.912,22.614,104,26.363.738,1.698.209,28.061.947,37012
Tielt,20.701,462.610.243,37.571,29.506,22.347,103,98.117.510,7.299.352,105.416.862,37015
Wielsbeke,10.013,217.421.354,38.461,30.301,21.714,100,45.464.553,3.372.550,48.837.103,37017
Wingene,15.039,337.845.313,38.413,30.459,22.465,103,71.958.184,5.548.548,77.506.733,37018
Ardooie,9.338,206.589.526,37.664,29.930,22.124,102,42.025.741,2.509.222,44.534.963,37020
Arrondissement de Furnes,61.719,1.560.356.732,39.047,28.138,25.282,116,330.452.742,8.160.544,338.613.286,38000
Alveringem,5.054,105.839.039,35.162,27.361,20.942,96,20.938.375,1.673.856,22.612.231,38002
La Panne,11.089,259.522.870,35.459,26.096,23.404,107,50.500.624,0,50.500.624,38008
Koksijde,21.664,647.305.104,45.279,30.348,29.879,137,151.161.368,0,151.161.368,38014
Nieuport,11.493,275.137.771,35.914,27.343,23.940,110,53.589.683,2.699.099,56.288.782,38016
Furnes,12.419,272.551.949,35.512,27.802,21.946,101,54.262.692,3.787.589,58.050.280,38025
Province de Flandre orientale,1.561.316,36.891.868.109,39.945,30.498,23.629,109,8.496.779.008,604.765.506,9.101.544.514,40000
Arrondissement d’Alost,302.192,7.123.477.596,39.877,30.788,23.573,108,1.610.060.023,119.133.941,1.729.193.964,41000
Alost,90.068,2.065.918.508,38.692,29.669,22.937,105,461.743.673,34.341.974,496.085.647,41002
Denderleeuw,20.973,461.569.361,38.577,30.890,22.008,101,102.422.562,7.408.310,109.830.871,41011
Grammont,34.724,781.300.225,37.744,29.578,22.500,103,168.673.540,13.063.123,181.736.662,41018
Haaltert,19.281,474.376.967,42.081,32.791,24.603,113,108.926.586,7.753.301,116.679.887,41024
Herzele,18.715,462.768.843,41.898,32.877,24.727,114,108.065.237,7.362.073,115.427.310,41027
Lede,19.160,484.240.055,42.702,32.323,25.273,116,112.714.514,8.854.874,121.569.388,41034
Ninove,40.093,906.139.338,38.251,29.589,22.601,104,197.249.325,14.684.764,211.934.088,41048
Sint-Lievens-Houtem,10.658,269.163.652,42.704,33.189,25.255,116,64.360.873,5.015.326,69.376.199,41063
Zottegem,27.677,696.377.143,41.829,32.118,25.161,116,164.759.047,12.228.659,176.987.705,41081
Erpe-Mere,20.843,521.623.504,42.477,32.875,25.026,115,121.144.668,8.421.538,129.566.206,41082
Arrondissement de Termonde,206.329,4.874.395.626,39.773,30.740,23.624,109,1.103.493.165,83.839.150,1.187.332.315,42000
Berlare,15.446,367.229.196,39.428,30.292,23.775,109,82.316.330,5.720.896,88.037.226,42003
Buggenhout,14.887,376.024.067,43.632,33.340,25.259,116,88.597.346,6.820.533,95.417.879,42004
Termonde,46.916,1.097.327.845,38.820,30.172,23.389,107,245.575.749,19.000.945,264.576.694,42006
Hamme,25.368,562.951.832,37.198,29.246,22.191,102,122.275.311,9.705.439,131.980.750,42008
Laarne,12.528,326.463.345,43.768,32.671,26.059,120,79.635.078,6.159.795,85.794.873,42010
Lebbeke,19.925,468.750.217,39.986,31.548,23.526,108,107.198.479,7.976.620,115.175.099,42011
Waasmunster,11.177,305.355.508,48.148,33.735,27.320,125,75.114.132,5.644.563,80.758.695,42023
Wetteren,26.748,617.408.389,38.114,30.042,23.082,106,138.582.567,10.305.428,148.887.995,42025
Wichelen,11.960,292.724.852,40.929,32.718,24.475,112,66.898.477,4.969.973,71.868.450,42026
Zele,21.374,460.160.375,37.266,29.537,21.529,99,97.299.696,7.534.957,104.834.654,42028
Arrondissement d’Eeklo,88.562,1.997.420.070,37.503,29.970,22.554,104,423.369.570,30.800.631,454.170.201,43000
Assenede,14.636,353.003.770,40.734,32.260,24.119,111,78.452.810,5.546.666,83.999.476,43002
Eeklo,22.140,479.741.223,34.900,27.381,21.669,100,97.888.187,7.541.447,105.429.635,43005
Kaprijke,6.587,163.989.018,41.952,31.929,24.896,114,38.122.462,2.855.667,40.978.129,43007
Maldegem,24.615,556.454.016,37.507,30.416,22.606,104,117.681.239,8.118.357,125.799.596,43010
Sint-Laureins,7.041,162.933.942,39.101,31.414,23.141,106,34.509.981,2.460.213,36.970.194,43014
Zelzate,13.543,281.298.100,35.446,29.652,20.771,95,56.714.891,4.278.281,60.993.171,43018
Arrondissement de Gand,574.836,13.922.518.344,40.621,30.436,24.220,111,3.329.789.151,226.630.303,3.556.419.455,44000
De Pinte,11.116,340.214.114,54.487,39.727,30.606,141,92.643.914,6.456.667,99.100.581,44012
Destelbergen,19.097,524.885.101,47.283,34.306,27.485,126,131.868.670,9.079.107,140.947.777,44013
Evergem,36.557,896.045.694,41.865,33.011,24.511,113,206.238.186,16.153.059,222.391.245,44019
Gavere,13.217,347.344.251,44.807,33.790,26.280,121,84.884.908,6.146.308,91.031.215,44020
Gand,268.122,6.001.642.835,36.726,27.801,22.384,103,1.407.034.275,91.434.851,1.498.469.125,44021
Lochristi,23.073,603.560.889,44.745,33.119,26.159,120,149.340.547,10.254.464,159.595.011,44034
Melle,11.960,315.362.090,45.435,34.854,26.368,121,79.031.742,5.871.663,84.903.404,44040
Merelbeke,25.200,687.383.191,47.435,34.972,27.277,125,178.020.627,13.612.646,191.633.273,44043
Moerbeke,6.724,163.078.882,41.847,32.337,24.253,111,37.618.571,2.623.292,40.241.864,44045
Nazareth,12.214,319.944.441,44.015,32.738,26.195,120,77.768.899,5.361.776,83.130.675,44048
Oosterzele,14.024,372.130.717,46.227,35.111,26.535,122,94.153.341,7.286.384,101.439.725,44052
Sint-Martens-Latem,8.257,272.167.769,56.975,35.589,32.962,151,74.647.956,4.118.606,78.766.562,44064
Wachtebeke,7.837,187.632.795,40.473,32.641,23.942,110,42.032.026,3.569.090,45.601.116,44073
Zulte,16.000,373.899.666,40.058,31.603,23.369,107,83.911.822,4.912.671,88.824.493,44081
Deinze,44.930,1.113.494.272,42.117,31.901,24.783,114,264.085.914,18.929.454,283.015.368,44083
Aalter,29.529,739.539.762,42.072,31.960,25.045,115,174.228.505,10.211.948,184.440.453,44084
Lievegem,26.979,664.191.874,41.710,32.357,24.619,113,152.279.249,10.608.319,162.887.568,44085
Arrondissement d’Audenarde,127.443,2.961.356.349,39.418,30.441,23.237,107,661.686.673,48.343.894,710.030.567,45000
Audenarde,32.482,774.917.922,39.518,30.647,23.857,110,176.184.451,12.245.121,188.429.572,45035
Renaix,27.075,497.024.120,32.085,25.716,18.357,84,91.218.582,7.343.422,98.562.004,45041
Brakel,15.007,359.058.522,39.587,31.853,23.926,110,79.495.709,6.271.766,85.767.475,45059
Kluisbergen,6.874,161.851.867,40.443,32.018,23.546,108,35.788.937,2.290.920,38.079.857,45060
Wortegem-Petegem,6.552,167.644.106,44.729,33.749,25.587,118,41.063.540,3.140.501,44.204.042,45061
Horebeke,2.036,55.620.055,44.819,32.640,27.318,125,13.562.385,928.306,14.490.691,45062
Lierde,6.805,164.606.907,41.567,33.691,24.189,111,37.165.188,2.684.569,39.849.757,45063
Maarkedal,6.340,165.000.099,43.605,32.283,26.025,120,39.177.188,2.741.570,41.918.758,45064
Zwalin,8.320,209.678.453,43.002,33.295,25.202,116,50.406.679,3.446.071,53.852.749,45065
Kruisem,15.952,405.954.298,43.436,33.129,25.448,117,97.624.014,7.251.648,104.875.662,45068
Arrondissement de Saint-Nicolas,261.954,6.012.700.125,39.755,30.336,22.953,105,1.368.380.426,96.017.585,1.464.398.012,46000
Beveren,50.300,1.261.466.810,42.919,32.302,25.079,115,303.486.110,15.087.236,318.573.345,46003
Kruibeke,17.056,411.239.476,41.716,31.456,24.111,111,96.688.946,7.679.845,104.368.791,46013
Lokeren,43.064,960.606.726,38.938,30.290,22.306,102,215.919.629,15.025.315,230.944.944,46014
Sint-Gillis-Waas,19.932,491.958.216,42.188,31.679,24.682,113,114.774.909,9.102.257,123.877.165,46020
Sint-Niklaas,81.138,1.702.325.795,36.702,28.267,20.981,96,366.066.300,27.451.845,393.518.145,46021
Stekene,19.273,464.397.136,41.006,31.642,24.096,111,104.742.526,8.395.326,113.137.852,46024
Tamise,31.191,720.705.967,40.142,30.537,23.106,106,166.702.007,13.275.762,179.977.769,46025
Province de Hainaut,1.356.895,25.846.612.361,32.560,25.205,19.048,87,4.900.705.546,415.015.633,5.315.721.178,50000
Arrondissement d’Ath,130.158,2.815.127.841,36.423,27.706,21.629,99,591.116.932,49.316.861,640.433.792,51000
Ath,29.946,666.206.783,36.258,27.526,22.247,102,143.134.726,12.539.826,155.674.552,51004
Beloeil,14.289,292.648.827,34.494,27.091,20.481,94,57.627.461,4.910.908,62.538.369,51008
Bernissart,11.932,236.301.865,33.277,26.187,19.804,91,44.757.325,3.869.136,48.626.462,51009
Brugelette,3.823,81.093.222,37.250,27.835,21.212,97,16.648.388,1.415.432,18.063.821,51012
Chièvres,7.045,148.364.971,37.203,28.832,21.060,97,31.181.079,2.735.861,33.916.940,51014
Ellezelles,5.969,135.658.067,38.682,29.457,22.727,104,28.965.216,2.308.320,31.273.535,51017
Flobecq,3.422,77.316.884,36.539,27.783,22.594,104,16.899.297,1.343.280,18.242.577,51019
Frasnes-lez-Anvaing,12.100,266.635.666,37.751,29.068,22.036,101,55.793.635,3.913.261,59.706.896,51065
Enghien,14.347,322.388.150,38.412,28.427,22.471,103,73.068.153,5.955.405,79.023.559,51067
Silly,8.420,210.913.896,43.026,31.125,25.049,115,50.428.119,3.918.378,54.346.497,51068
Lessines,18.865,377.599.510,33.759,26.204,20.016,92,72.613.532,6.407.053,79.020.585,51069
Arrondissement de Charleroi,398.559,6.985.257.188,30.307,23.987,17.526,80,1.245.592.549,105.092.693,1.350.685.241,52000
Chapelle-lez-Herlaimont,14.816,284.265.914,31.459,24.943,19.186,88,51.745.492,4.552.325,56.297.817,52010
Charleroi,203.785,3.177.843.608,27.396,22.526,15.594,72,508.210.737,43.960.238,552.170.974,52011
Châtelet,35.512,592.118.382,28.627,23.513,16.674,77,95.970.936,7.752.182,103.723.118,52012
Courcelles,31.299,576.917.671,31.532,25.176,18.432,85,105.196.584,9.268.535,114.465.119,52015
Farciennes,11.335,162.768.580,27.092,23.008,14.360,66,22.580.635,2.042.293,24.622.927,52018
Fleurus,22.832,437.101.965,32.402,25.429,19.144,88,81.957.314,6.563.402,88.520.716,52021
Fontaine-l’Evêque,18.041,337.378.018,31.682,24.918,18.701,86,62.296.898,5.489.158,67.786.055,52022
Gerpinnes,12.831,320.402.105,40.650,30.372,24.971,115,75.038.819,5.974.802,81.013.621,52025
Montigny-le-Tilleul,10.116,248.522.316,39.872,30.303,24.567,113,57.379.851,4.550.228,61.930.079,52048
Pont-à-Celles,17.549,408.079.229,40.157,29.956,23.254,107,91.967.205,7.305.541,99.272.746,52055
Aiseau-Presles,10.903,206.627.401,32.767,25.834,18.951,87,38.879.377,3.316.950,42.196.327,52074
Les Bons Villers,9.540,233.231.999,40.626,29.626,24.448,112,54.368.701,4.317.041,58.685.742,52075
Arrondissement de Mons,260.697,4.898.202.579,32.218,24.766,18.789,86,945.678.667,78.284.555,1.023.963.222,53000
Boussu,20.096,336.109.898,28.385,22.837,16.725,77,53.460.920,4.604.949,58.065.869,53014
Dour,16.578,298.998.993,30.071,23.684,18.036,83,51.591.786,4.386.965,55.978.751,53020
Frameries,21.792,398.262.495,30.584,24.261,18.276,84,70.737.475,6.130.450,76.867.926,53028
Hensies,6.797,129.610.800,32.258,25.328,19.069,88,24.060.028,2.064.121,26.124.149,53039
Jurbise,10.866,258.173.265,45.397,34.569,23.760,109,64.696.272,5.467.066,70.163.337,53044
Lens,4.678,99.390.468,38.286,29.421,21.246,98,22.073.770,1.764.915,23.838.685,53046
Mons,96.465,1.832.834.259,32.899,24.835,19.000,87,378.307.896,30.375.825,408.683.721,53053
Quaregnon,18.996,313.260.669,28.316,23.070,16.491,76,48.532.668,4.181.476,52.714.144,53065
Quiévrain,6.852,119.863.426,29.199,23.081,17.493,80,20.050.090,1.813.031,21.863.121,53068
Saint-Ghislain,23.665,487.568.912,34.003,26.470,20.603,95,98.280.980,7.763.885,106.044.865,53070
Colfontaine,20.659,329.254.341,27.802,22.526,15.938,73,50.369.709,4.364.031,54.733.740,53082
Honnelles,5.148,112.821.392,36.870,28.923,21.916,101,23.263.422,1.949.157,25.212.579,53083
Quévy,8.105,182.053.663,37.888,29.049,22.462,103,40.253.651,3.418.684,43.672.335,53084
Arrondissement de Soignies,107.618,2.241.283.210,36.079,27.334,20.826,96,475.351.551,38.830.761,514.182.311,55000
Braine-le-Comte,23.133,504.758.671,37.515,28.432,21.820,100,110.412.521,9.675.948,120.088.468,55004
Le Roeulx,8.812,198.011.394,38.494,29.183,22.471,103,43.860.452,3.723.952,47.584.403,55035
Soignies,28.741,595.922.586,36.897,27.972,20.734,95,129.980.688,10.359.718,140.340.405,55040
Ecaussinnes,11.484,242.759.753,36.445,28.244,21.139,97,52.508.437,3.967.560,56.475.998,55050
Seneffe,11.520,272.962.664,39.767,28.554,23.695,109,63.556.355,5.058.756,68.615.111,55085
Manage,23.928,426.868.143,30.827,24.456,17.840,82,75.033.099,6.044.827,81.077.926,55086
Arrondissement de Thuin,92.609,1.911.914.947,34.661,26.554,20.645,95,385.092.994,32.196.720,417.289.713,56000
Anderlues,12.601,231.909.008,31.259,25.326,18.404,85,41.429.931,3.648.211,45.078.142,56001
Beaumont,7.166,146.598.708,33.864,25.232,20.458,94,29.018.090,2.595.867,31.613.958,56005
Chimay,9.716,180.469.593,30.713,23.861,18.574,85,32.345.961,2.636.476,34.982.437,56016
Erquelinnes,10.043,181.975.690,30.802,24.583,18.120,83,32.344.507,2.744.749,35.089.255,56022
Froidchapelle,4.053,77.994.935,31.386,24.205,19.244,88,14.027.124,1.126.196,15.153.320,56029
Lobbes,5.919,131.907.763,37.602,29.055,22.285,102,28.769.460,2.294.952,31.064.412,56044
Merbes-le-Château,4.224,82.448.010,33.971,26.414,19.519,90,15.923.914,1.303.411,17.227.325,56049
Momignies,5.296,89.174.241,29.587,23.492,16.838,77,14.407.848,1.256.442,15.664.291,56051
Thuin,14.922,334.580.411,37.040,28.624,22.422,103,72.146.824,6.110.371,78.257.195,56078
Ham-sur-Heure-Nalinnes,13.811,358.856.319,43.251,32.327,25.983,119,86.809.152,6.889.599,93.698.752,56086
Sivry-Rance,4.858,96.000.268,33.508,26.273,19.761,91,17.870.182,1.590.445,19.460.627,56088
Arrondissement de Tournai-Mouscron,225.041,4.377.918.485,32.895,25.648,19.454,89,784.341.866,71.144.413,855.486.280,57000
Antoing,7.639,147.259.888,31.392,25.463,19.277,89,26.879.774,1.903.105,28.782.880,57003
Celles,5.684,118.098.054,35.712,28.545,20.777,95,23.400.933,1.950.106,25.351.039,57018
Estaimpuis,10.622,214.715.910,36.026,26.919,20.214,93,34.676.934,3.424.754,38.101.688,57027
Pecq,5.901,123.697.563,35.312,26.410,20.962,96,23.458.465,2.162.966,25.621.431,57062
Péruwelz,17.235,330.824.740,31.967,25.213,19.195,88,60.953.907,5.283.430,66.237.337,57064
Rumes,5.298,104.536.391,33.602,27.400,19.731,91,18.917.189,1.668.487,20.585.676,57072
Tournai,68.710,1.420.671.809,33.809,25.518,20.676,95,273.148.546,24.895.064,298.043.610,57081
Brunehaut,8.152,170.155.448,35.011,27.121,20.873,96,33.759.868,2.794.033,36.553.901,57093
Leuze-en-Hainaut,14.097,290.984.643,34.625,26.858,20.642,95,58.243.060,5.128.962,63.372.022,57094
Mont-de-l’Enclus,3.804,83.073.923,37.641,29.313,21.839,100,17.212.484,1.386.158,18.598.642,57095
Mouscron,59.563,1.054.202.408,31.017,24.753,17.699,81,167.121.789,16.472.434,183.594.222,57096
Comines-Warneton,18.336,319.697.709,29.917,25.076,17.436,80,46.568.917,4.074.915,50.643.832,57097
Arrondissement de La Louvière,142.213,2.616.908.110,31.285,24.467,18.401,85,473.530.988,40.149.630,513.680.618,58000
La Louvière,81.382,1.420.644.573,30.289,23.916,17.456,80,247.610.668,21.898.809,269.509.477,58001
Binche,33.649,656.619.013,32.170,25.048,19.514,90,122.492.941,9.791.865,132.284.806,58002
Estinnes,7.951,170.810.875,36.996,27.710,21.483,99,36.433.212,3.084.700,39.517.912,58003
Morlanwelz,19.231,368.833.649,31.479,24.593,19.179,88,66.994.167,5.374.257,72.368.424,58004
Province de Liège,1.115.518,22.638.837.016,34.433,26.368,20.294,93,4.484.102.232,368.010.804,4.852.113.037,60000
Arrondissement de Huy,115.702,2.578.113.016,37.491,28.214,22.282,102,564.102.102,46.202.217,610.304.319,61000
Amay,14.514,292.612.373,34.064,27.135,20.161,93,58.579.604,4.961.604,63.541.208,61003
Burdinne,3.299,82.414.761,44.309,33.550,24.982,115,20.038.081,1.596.341,21.634.422,61010
Clavier,4.846,110.541.938,39.297,29.876,22.811,105,24.066.754,2.026.138,26.092.892,61012
Ferrières,5.116,115.677.815,38.039,29.419,22.611,104,24.143.008,2.038.020,26.181.028,61019
Hamoir,3.806,79.829.824,33.841,26.698,20.975,96,15.891.730,1.401.628,17.293.358,61024
Héron,5.585,133.845.653,43.927,34.028,23.965,110,32.463.900,2.642.183,35.106.083,61028
Huy,21.680,438.344.772,32.010,24.184,20.219,93,88.622.695,7.091.064,95.713.759,61031
Marchin,5.548,126.492.009,38.897,29.863,22.800,105,28.225.554,2.466.641,30.692.196,61039
Modave,4.219,99.143.835,40.566,32.113,23.499,108,22.585.367,1.797.495,24.382.862,61041
Nandrin,5.796,158.470.492,46.568,33.778,27.341,126,39.777.888,3.358.810,43.136.698,61043
Ouffet,2.828,63.457.029,38.135,29.499,22.439,103,13.681.131,1.087.272,14.768.403,61048
Verlaine,4.312,109.454.340,44.657,33.896,25.384,117,26.598.629,2.056.253,28.654.882,61063
Villers-Le-Bouillet,6.764,159.922.517,41.399,30.281,23.643,109,37.053.939,3.085.260,40.139.198,61068
Wanze,14.079,320.937.072,38.248,28.752,22.795,105,70.890.288,5.575.514,76.465.802,61072
Anthisnes,4.254,101.482.673,40.822,30.736,23.856,110,23.209.792,1.964.427,25.174.219,61079
Engis,6.310,118.363.976,31.313,25.939,18.758,86,22.304.665,1.784.784,24.089.449,61080
Tinlot,2.746,67.121.938,41.204,30.054,24.444,112,15.969.075,1.268.783,17.237.858,61081
Arrondissement de Liège,626.069,12.206.051.048,32.912,25.365,19.496,90,2.429.976.266,200.928.770,2.630.905.037,62000
Ans,28.764,549.708.775,32.537,26.138,19.111,88,105.039.296,8.956.967,113.996.263,62003
Awans,9.231,213.636.710,37.946,29.354,23.143,106,47.533.818,4.023.553,51.557.372,62006
Aywaille,12.783,276.958.821,36.030,27.232,21.666,100,56.520.098,4.849.211,61.369.309,62009
Bassenge,9.052,194.001.260,35.787,28.381,21.432,98,38.697.324,3.207.846,41.905.170,62011
Beyne-Heusay,11.996,231.536.780,32.708,25.941,19.301,89,43.967.562,3.754.741,47.722.303,62015
Chaudfontaine,20.572,560.470.002,44.376,30.998,27.244,125,138.882.646,11.056.241,149.938.888,62022
Comblain-au-Pont,5.334,105.395.998,32.936,25.714,19.759,91,20.238.558,1.728.464,21.967.022,62026
Dalhem,7.666,183.186.588,40.781,31.930,23.896,110,41.100.783,3.124.581,44.225.364,62027
Esneux,12.800,334.734.004,42.614,31.003,26.151,120,80.413.011,6.781.736,87.194.747,62032
Fléron,16.296,336.627.126,33.859,26.721,20.657,95,65.424.694,5.567.506,70.992.200,62038
Herstal,40.666,704.668.253,29.902,24.271,17.328,80,119.384.499,10.285.739,129.670.238,62051
Juprelle,9.740,227.702.959,40.046,31.513,23.378,107,51.414.348,3.825.415,55.239.763,62060
Liège,195.346,3.463.519.000,29.723,22.738,17.730,81,678.934.401,54.848.853,733.783.254,62063
Oupeye,25.690,525.176.673,34.098,26.992,20.443,94,103.594.640,8.325.225,111.919.865,62079
Saint-Nicolas,24.352,395.870.113,28.715,24.021,16.256,75,63.262.978,5.446.922,68.709.900,62093
Seraing,64.035,1.074.666.006,28.856,23.334,16.782,77,183.485.554,15.787.804,199.273.358,62096
Soumagne,17.322,374.503.569,36.423,28.565,21.620,99,78.269.332,6.554.352,84.823.684,62099
Sprimont,15.159,374.946.056,41.559,30.422,24.734,114,86.986.833,7.352.117,94.338.951,62100
Visé,18.060,376.037.934,35.147,27.322,20.822,96,76.753.370,6.819.616,83.572.985,62108
Grâce-Hollogne,23.050,418.246.596,31.573,25.798,18.145,83,74.495.087,5.985.690,80.480.776,62118
Blegny,13.440,313.439.721,38.625,29.839,23.321,107,69.779.221,5.901.281,75.680.502,62119
Flémalle,26.850,515.840.656,32.475,26.199,19.212,88,96.867.382,7.757.763,104.625.146,62120
Neupré,9.994,281.502.400,47.599,35.628,28.167,129,71.703.510,5.820.603,77.524.113,62121
Trooz,7.871,173.675.049,37.229,28.328,22.065,101,37.227.320,3.166.542,40.393.862,62122
Arrondissement de Verviers,289.918,5.882.067.034,35.041,27.075,20.289,93,1.043.331.556,84.103.165,1.127.434.721,63000
Amblève,5.599,117.263.562,36.553,29.590,20.944,96,16.029.328,996.943,17.026.271,63001
Aubel,4.200,97.328.348,37.448,28.076,23.173,106,19.920.895,1.559.329,21.480.224,63003
Baelen,4.518,99.813.346,36.750,28.959,22.092,101,20.166.511,1.608.069,21.774.580,63004
Bullange,5.510,117.755.311,36.066,28.515,21.371,98,15.893.878,1.031.268,16.925.146,63012
Butgenbach,5.723,116.676.391,34.216,27.994,20.387,94,17.970.206,1.121.056,19.091.261,63013
Dison,15.249,219.982.084,27.938,22.558,14.426,66,34.774.732,2.803.356,37.578.087,63020
Eupen,20.082,419.440.259,36.700,27.383,20.886,96,76.407.561,6.842.077,83.249.638,63023
Herve,17.842,397.236.153,38.255,29.271,22.264,102,86.862.832,6.920.655,93.783.487,63035
Jalhay,8.759,215.933.958,41.217,31.968,24.653,113,49.064.865,3.332.651,52.397.517,63038
La Calamine,11.333,219.019.454,35.572,26.779,19.326,89,21.659.830,2.520.751,24.180.582,63040
Lierneux,3.637,76.100.945,35.511,28.011,20.924,96,14.199.563,1.064.794,15.264.357,63045
Limbourg,5.648,118.123.746,35.020,27.161,20.914,96,23.321.514,1.937.179,25.258.693,63046
Lontzen,6.008,125.254.844,37.025,29.429,20.848,96,20.583.444,1.634.579,22.218.023,63048
Malmedy,12.894,269.849.178,33.858,26.970,20.928,96,49.535.402,3.587.019,53.122.421,63049
Olne,4.082,107.174.299,44.471,34.069,26.255,121,24.834.657,1.776.182,26.610.839,63057
Pepinster,9.280,186.050.397,33.462,26.650,20.049,92,36.333.057,3.090.161,39.423.218,63058
Raeren,11.119,252.395.598,42.728,30.077,22.699,104,23.309.461,3.131.619,26.441.080,63061
Saint-Vith,10.035,224.573.584,38.206,29.924,22.379,103,28.841.630,1.803.074,30.644.704,63067
Spa,9.890,208.296.297,32.480,25.041,21.061,97,40.261.276,3.034.266,43.295.541,63072
Stavelot,7.247,151.223.992,34.844,27.384,20.867,96,28.824.949,2.446.989,31.271.938,63073
Stoumont,3.190,72.726.895,38.500,29.694,22.798,105,15.587.751,1.245.949,16.833.699,63075
Theux,11.972,285.313.641,38.802,29.505,23.832,109,62.982.507,4.463.995,67.446.502,63076
Verviers,55.156,929.814.402,29.893,23.330,16.858,77,166.342.077,14.315.897,180.657.974,63079
Waimes,7.542,155.142.710,34.568,27.888,20.570,94,27.364.364,2.071.195,29.435.560,63080
Welkenraedt,10.515,219.014.865,35.554,28.033,20.829,96,43.290.423,3.484.045,46.774.468,63084
Trois-Ponts,2.517,51.619.627,32.816,26.107,20.508,94,9.322.646,755.124,10.077.770,63086
Burg-Reuland,3.974,85.127.154,38.105,31.085,21.421,98,6.614.312,494.196,7.108.508,63087
Plombières,10.745,211.746.100,34.313,27.302,19.706,91,33.189.434,2.797.653,35.987.087,63088
Thimister-Clermont,5.652,132.069.894,40.876,31.328,23.367,107,29.842.450,2.233.095,32.075.544,63089
Arrondissement de Waremme,83.829,1.972.605.918,39.468,29.661,23.531,108,446.692.308,36.776.653,483.468.960,64000
Berloz,3.336,77.699.674,41.774,32.630,23.291,107,18.039.010,1.522.967,19.561.977,64008
Braives,6.484,150.946.598,40.577,31.502,23.280,107,34.900.690,2.774.427,37.675.118,64015
Crisnée,3.540,86.587.570,40.124,30.648,24.460,112,20.417.519,1.619.484,22.037.003,64021
Donceel,3.144,81.993.034,43.613,32.710,26.079,120,19.633.546,1.714.927,21.348.474,64023
Fexhe-le-Haut-Clocher,3.429,81.149.531,40.676,32.207,23.666,109,18.674.593,1.626.002,20.300.595,64025
Geer,3.559,87.118.950,43.150,31.928,24.478,112,21.294.377,1.635.913,22.930.290,64029
Hannut,17.026,411.603.895,40.504,29.642,24.175,111,94.354.855,7.985.568,102.340.423,64034
Lincent,3.351,77.376.369,39.377,30.032,23.091,106,17.266.214,1.374.167,18.640.381,64047
Oreye,4.025,92.379.756,38.524,29.443,22.951,105,20.576.332,1.410.546,21.986.878,64056
Remicourt,6.062,148.491.968,40.794,30.571,24.496,113,34.929.552,2.766.764,37.696.316,64063
Saint-Georges-sur-Meuse,7.195,152.853.429,35.212,27.859,21.244,98,30.694.104,2.453.243,33.147.347,64065
Waremme,15.455,351.305.069,36.461,27.485,22.731,104,75.148.109,6.381.031,81.529.140,64074
Wasseiges,3.144,70.595.875,38.409,28.265,22.454,103,15.520.440,1.310.973,16.831.413,64075
Faimes,4.079,102.504.201,43.269,31.740,25.130,115,25.242.966,2.200.640,27.443.606,64076
Province de Limbourg,895.030,19.688.588.545,37.341,29.833,21.998,101,3.949.698.872,305.438.439,4.255.137.311,70000
Arrondissement de Hasselt,428.612,9.636.714.356,37.927,29.909,22.484,103,2.048.111.726,153.677.625,2.201.789.351,71000
As,8.214,191.183.067,39.193,31.026,23.275,107,39.457.142,3.053.087,42.510.228,71002
Beringen,47.895,993.868.062,37.141,30.584,20.751,95,200.600.827,15.232.409,215.833.236,71004
Diepenbeek,19.423,458.608.808,39.689,31.278,23.612,108,100.701.182,8.103.317,108.804.498,71011
Genk,67.573,1.346.607.422,33.963,27.345,19.928,92,253.288.714,19.429.044,272.717.758,71016
Gingelom,8.670,205.844.725,40.867,31.660,23.742,109,46.392.012,3.686.205,50.078.218,71017
Halen,9.557,230.697.798,40.452,30.553,24.139,111,51.425.990,4.112.291,55.538.281,71020
Hasselt,80.351,1.974.003.204,39.652,30.209,24.567,113,454.490.278,31.985.695,486.475.973,71022
Herck-la-Ville,12.817,310.079.975,40.811,31.144,24.193,111,70.515.459,4.918.338,75.433.797,71024
Bourg-Léopold,16.407,342.715.491,35.154,29.588,20.888,96,68.201.273,5.476.897,73.678.170,71034
Lummen,15.366,368.993.453,41.399,32.749,24.014,110,82.999.966,5.536.114,88.536.080,71037
Nieuwerkerken,7.190,163.466.421,38.645,30.695,22.735,104,34.509.317,2.635.497,37.144.814,71045
Saint-Trond,41.353,931.367.951,36.466,28.162,22.522,103,196.137.476,15.655.281,211.792.757,71053
Tessenderlo,18.838,449.754.861,40.089,31.793,23.875,110,100.233.361,6.979.804,107.213.165,71057
Zonhoven,21.653,513.771.940,40.419,31.667,23.728,109,112.550.872,9.049.389,121.600.261,71066
Zutendaal,7.345,172.526.409,38.814,31.442,23.489,108,35.579.714,2.980.995,38.560.709,71067
Ham,11.337,259.760.792,38.968,31.862,22.913,105,56.571.611,3.930.800,60.502.411,71069
Heusden-Zolder,34.623,723.463.975,36.814,29.843,20.895,96,144.456.531,10.912.462,155.368.994,71070
Arrondissement de Maaseik,257.393,5.477.119.979,36.702,30.232,21.279,98,1.019.667.057,78.456.010,1.098.123.067,72000
Bocholt,13.743,283.071.832,35.455,29.996,20.598,95,50.476.860,4.376.312,54.853.171,72003
Bree,16.695,361.255.462,36.220,29.667,21.639,99,69.075.517,5.790.095,74.865.612,72004
Kinrooi,12.330,254.940.760,36.136,29.963,20.676,95,41.709.556,2.975.681,44.685.237,72018
Lommel,34.826,755.259.525,36.743,30.216,21.687,100,142.855.090,9.373.976,152.229.066,72020
Maaseik,25.737,561.246.179,37.080,29.364,21.807,100,100.283.111,9.505.636,109.788.747,72021
Peer,16.534,360.506.488,37.749,31.206,21.804,100,72.351.509,5.910.307,78.261.816,72030
Hamont-Achel,14.458,295.710.128,35.748,29.120,20.453,94,45.304.870,3.387.824,48.692.694,72037
Hechtel-Eksel,12.914,276.156.710,37.814,31.574,21.384,98,54.193.436,4.550.177,58.743.613,72038
Houthalen-Helchteren,30.960,625.188.255,35.437,29.823,20.193,93,117.905.303,9.517.457,127.422.760,72039
Dilsen-Stokkem,21.305,439.348.626,35.543,29.442,20.622,95,80.538.162,6.911.293,87.449.454,72041
Oudsbergen,23.791,528.621.853,38.237,31.365,22.219,102,107.068.962,7.112.444,114.181.406,72042
Pelt,34.100,735.814.160,37.588,31.075,21.578,99,137.904.682,9.044.809,146.949.491,72043
Arrondissement de Tongres,209.025,4.574.754.210,36.909,29.200,21.886,101,881.920.089,73.304.804,955.224.893,73000
Alken,11.839,288.145.724,41.017,31.462,24.339,112,65.079.740,4.539.957,69.619.697,73001
Bilzen,32.644,735.582.048,37.997,30.098,22.533,103,152.172.501,12.362.998,164.535.499,73006
Looz,11.455,257.478.264,36.914,29.600,22.477,103,54.096.537,4.600.758,58.697.295,73009
Heers,7.554,166.928.398,37.286,29.922,22.098,101,34.327.956,2.564.454,36.892.410,73022
Herstappe,77,1.921.379,46.863,42.022,24.953,115,426.858,21.098,447.957,73028
Hoeselt,9.921,229.627.730,38.528,30.249,23.146,106,49.028.335,4.208.077,53.236.412,73032
Kortessem,8.726,205.209.429,39.947,31.471,23.517,108,45.235.540,3.838.522,49.074.062,73040
Lanaken,26.270,586.033.761,37.765,29.187,22.308,102,92.135.594,8.075.266,100.210.860,73042
Riemst,16.850,372.935.547,37.996,30.331,22.133,102,69.061.589,6.306.657,75.368.246,73066
Tongres,31.915,702.887.514,36.159,28.396,22.024,101,143.313.704,11.470.123,154.783.827,73083
Wellen,7.473,179.021.700,39.738,31.552,23.956,110,38.438.921,2.986.993,41.425.915,73098
Maasmechelen,39.914,752.159.471,32.512,26.879,18.845,87,122.148.055,10.800.273,132.948.327,73107
Fourons,4.387,96.823.245,37.792,29.135,22.070,101,16.454.758,1.529.626,17.984.384,73109
Province de Luxembourg,293.967,6.281.522.376,37.791,28.764,21.368,98,803.111.392,61.813.671,864.925.063,80000
Arrondissement d’Arlon,65.069,1.549.903.494,45.454,33.863,23.819,109,102.925.806,7.770.019,110.695.825,81000
Arlon,31.222,774.708.350,46.116,34.009,24.813,114,58.386.112,4.253.874,62.639.986,81001
Attert,5.730,171.352.511,59.976,41.270,29.904,137,11.577.092,833.597,12.410.689,81003
Aubange,17.652,342.580.927,38.048,30.968,19.407,89,18.247.212,1.617.056,19.864.268,81004
Martelange,2.003,41.203.554,40.635,31.866,20.571,94,2.755.263,204.325,2.959.588,81013
Messancy,8.462,220.058.154,49.742,36.665,26.005,119,11.960.127,861.167,12.821.294,81015
Arrondissement de Bastogne,50.485,1.009.933.669,35.344,28.091,20.005,92,127.156.917,9.937.221,137.094.138,82000
Bastogne,16.785,339.951.478,35.515,27.917,20.253,93,38.252.385,2.920.770,41.173.155,82003
Bertogne,3.739,75.979.426,38.568,31.065,20.321,93,9.728.361,697.202,10.425.563,82005
Fauvillers,2.435,52.558.527,41.417,32.162,21.585,99,4.827.732,350.875,5.178.607,82009
Houffalize,5.292,106.148.837,34.264,27.644,20.058,92,14.773.864,1.048.929,15.822.792,82014
Vielsalm,7.942,154.651.572,32.212,26.115,19.473,89,24.447.604,2.191.713,26.639.318,82032
Vaux-sur-Sûre,6.143,125.922.948,38.568,30.640,20.499,94,15.214.173,1.100.660,16.314.832,82036
Gouvy,5.483,104.505.333,33.485,27.370,19.060,88,12.944.969,1.062.279,14.007.248,82037
Sainte-Ode,2.666,50.215.548,33.975,26.611,18.836,87,6.967.829,564.793,7.532.622,82038
Arrondissement de Marche-en-Famenne,57.580,1.171.566.138,33.661,26.560,20.347,93,220.242.471,17.368.275,237.610.747,83000
Durbuy,11.507,230.553.142,32.422,25.299,20.036,92,42.738.083,3.426.406,46.164.489,83012
Erezée,3.334,69.904.932,34.217,27.254,20.967,96,13.089.270,1.045.291,14.134.560,83013
Hotton,5.722,110.966.733,32.016,25.555,19.393,89,20.750.279,1.764.216,22.514.495,83028
La Roche-en-Ardenne,4.161,84.436.688,32.179,25.479,20.292,93,14.037.796,1.129.174,15.166.970,83031
Marche-en-Famenne,17.897,365.974.658,33.662,26.666,20.449,94,71.774.929,5.740.676,77.515.605,83034
Nassogne,5.695,117.017.799,35.406,28.072,20.547,94,22.381.244,1.786.040,24.167.284,83040
Rendeux,2.679,53.788.668,33.872,27.306,20.078,92,9.974.914,769.788,10.744.702,83044
Tenneville,2.882,61.190.432,37.380,30.197,21.232,98,10.424.171,725.039,11.149.210,83049
Manhay,3.703,77.733.087,36.004,27.877,20.992,96,15.071.785,981.645,16.053.431,83055
Arrondissement de Neufchâteau,65.655,1.336.383.330,35.318,27.265,20.355,93,216.206.748,16.606.746,232.813.494,84000
Bertrix,8.994,175.621.105,32.777,25.882,19.526,90,28.861.506,2.336.155,31.197.661,84009
Bouillon,5.400,104.196.367,30.494,23.865,19.296,89,17.337.465,1.404.981,18.742.446,84010
Daverdisse,1.415,26.383.918,32.453,26.152,18.646,86,4.576.280,276.533,4.852.812,84016
Herbeumont,1.728,34.453.030,34.488,27.034,19.938,92,5.680.648,401.567,6.082.215,84029
Léglise,5.746,125.305.675,43.224,32.701,21.807,100,13.158.639,878.072,14.036.710,84033
Libin,5.381,113.156.425,36.859,29.037,21.029,97,20.384.918,1.494.016,21.878.934,84035
Neufchâteau,8.186,167.668.638,37.409,28.409,20.482,94,23.014.549,1.734.872,24.749.421,84043
Paliseul,5.515,108.578.390,33.605,26.189,19.688,90,18.609.629,1.503.007,20.112.637,84050
Saint-Hubert,5.741,112.702.993,34.235,27.382,19.631,90,19.720.660,1.585.743,21.306.404,84059
Tellin,2.523,53.123.060,35.749,27.339,21.056,97,10.221.738,814.291,11.036.030,84068
Wellin,3.186,65.496.028,33.743,25.952,20.557,94,12.157.004,964.182,13.121.186,84075
Libramont-Chevigny,11.840,249.697.701,36.447,27.969,21.089,97,42.483.713,3.213.327,45.697.039,84077
Arrondissement de Virton,55.178,1.213.735.745,39.279,29.751,21.997,101,136.579.450,10.131.410,146.710.860,85000
Chiny,5.274,107.567.363,35.583,28.380,20.396,94,14.905.061,1.218.285,16.123.347,85007
Etalle,6.063,152.494.767,45.794,34.230,25.152,116,14.478.138,888.355,15.366.492,85009
Florenville,5.838,114.198.115,32.287,25.602,19.561,90,17.023.149,1.387.955,18.411.105,85011
Meix-devant-Virton,2.818,58.494.414,37.690,29.861,20.757,95,8.524.108,692.126,9.216.234,85024
Musson,4.675,102.592.557,40.988,32.037,21.945,101,7.996.982,588.381,8.585.363,85026
Saint-Léger,3.742,89.322.104,45.995,34.041,23.870,110,7.211.226,527.860,7.739.086,85034
Tintigny,4.512,100.123.841,40.552,30.846,22.191,102,11.745.339,718.360,12.463.699,85039
Virton,11.416,236.407.255,35.652,27.556,20.708,95,30.479.445,2.363.962,32.843.407,85045
Habay,8.699,209.361.687,45.102,33.107,24.067,111,18.453.718,1.391.322,19.845.041,85046
Rouvroy,2.141,43.173.643,33.968,26.860,20.165,93,5.762.282,354.804,6.117.086,85047
Province de Namur,502.261,10.708.229.056,35.967,27.355,21.320,98,2.284.916.322,184.300.806,2.469.217.128,90000
Arrondissement de Dinant,112.990,2.294.794.486,33.911,26.464,20.310,93,449.050.345,36.287.398,485.337.744,91000
Anhée,7.199,151.486.969,35.469,28.120,21.043,97,31.049.816,2.620.098,33.669.914,91005
Beauraing,9.460,179.732.583,32.245,26.278,18.999,87,32.721.444,2.674.201,35.395.645,91013
Bièvre,3.471,64.314.462,31.604,25.688,18.529,85,10.940.673,662.096,11.602.769,91015
Ciney,17.103,357.371.492,34.208,26.680,20.895,96,72.037.979,5.756.653,77.794.632,91030
Dinant,13.296,256.305.517,30.917,23.867,19.277,89,47.780.878,4.227.421,52.008.299,91034
Gedinne,4.686,89.780.262,32.755,26.199,19.159,88,16.257.938,1.059.799,17.317.737,91054
Hamois,7.528,164.049.439,39.799,31.255,21.792,100,36.531.862,2.897.224,39.429.086,91059
Havelange,5.314,110.537.350,35.600,27.478,20.801,96,22.392.314,1.956.078,24.348.391,91064
Houyet,5.116,102.319.693,33.460,26.559,20.000,92,19.466.553,1.561.821,21.028.373,91072
Onhaye,3.277,68.413.507,35.174,27.766,20.877,96,13.802.120,1.094.584,14.896.704,91103
Rochefort,12.615,251.549.192,32.960,26.284,19.940,92,48.318.653,4.137.989,52.456.642,91114
Somme-Leuze,6.019,126.573.198,36.133,27.965,21.029,97,24.265.955,1.914.437,26.180.392,91120
Yvoir,9.233,212.007.725,39.037,29.519,22.962,105,48.165.113,3.827.297,51.992.410,91141
Hastière,6.168,112.724.741,28.778,22.693,18.276,84,17.645.013,1.433.233,19.078.246,91142
Vresse-sur-Semois,2.505,47.628.357,29.749,23.980,19.013,87,7.674.034,464.467,8.138.501,91143
Arrondissement de Namur,322.523,7.070.879.778,37.235,27.887,21.924,101,1.574.908.405,126.975.843,1.701.884.248,92000
Andenne,28.114,575.051.656,34.043,26.493,20.454,94,116.696.554,10.010.218,126.706.772,92003
Assesse,7.321,173.211.822,41.859,32.002,23.660,109,41.532.498,3.519.120,45.051.618,92006
Eghezée,16.705,398.777.815,41.792,31.171,23.872,110,94.495.248,7.028.360,101.523.608,92035
Floreffe,8.115,188.550.134,40.151,30.945,23.235,107,43.908.278,3.616.356,47.524.634,92045
Fosses-la-Ville,10.453,223.456.724,36.293,27.915,21.377,98,47.931.995,4.063.972,51.995.967,92048
Gesves,7.392,180.191.414,41.779,30.004,24.377,112,43.314.278,3.671.783,46.986.062,92054
Mettet,13.465,296.697.228,37.666,28.885,22.035,101,63.787.973,5.075.977,68.863.951,92087
Namur,113.286,2.406.053.914,35.394,26.345,21.239,98,533.512.325,45.276.207,578.788.532,92094
Ohey,5.206,113.456.944,37.407,29.450,21.793,100,24.389.725,2.011.827,26.401.552,92097
Profondeville,12.349,295.727.469,40.066,29.964,23.947,110,69.374.720,5.537.302,74.912.022,92101
Sombreffe,8.438,191.651.076,40.578,30.713,22.713,104,44.547.219,3.532.269,48.079.488,92114
Sambreville,28.392,545.136.117,32.347,25.635,19.200,88,103.132.020,8.247.464,111.379.484,92137
Fernelmont,8.221,200.047.329,43.621,32.241,24.334,112,48.315.418,3.589.796,51.905.214,92138
Jemeppe-sur-Sambre,19.257,408.490.050,36.220,27.785,21.213,97,86.733.120,5.187.280,91.920.400,92140
La Bruyère,9.292,241.274.628,47.170,35.051,25.966,119,61.188.278,4.847.179,66.035.457,92141
Gembloux,26.517,633.105.458,41.290,30.269,23.875,110,152.048.755,11.760.733,163.809.488,92142
Arrondissement de Philippeville,66.748,1.342.554.792,33.438,26.478,20.114,92,260.957.572,21.037.564,281.995.136,93000
Cerfontaine,4.995,103.191.218,34.306,26.975,20.659,95,20.827.728,1.258.092,22.085.820,93010
Couvin,14.000,255.117.647,30.074,23.943,18.223,84,44.599.072,3.841.347,48.440.419,93014
Doische,2.995,57.366.369,31.331,25.279,19.154,88,9.864.367,808.893,10.673.260,93018
Florennes,11.339,227.489.573,34.111,27.201,20.063,92,45.164.575,3.823.176,48.987.751,93022
Philippeville,9.381,186.503.720,33.097,26.731,19.881,91,34.803.244,2.785.675,37.588.919,93056
Walcourt,18.398,406.823.693,37.323,29.605,22.112,102,87.781.639,6.984.885,94.766.524,93088
Viroinval,5.640,106.062.572,29.259,23.380,18.805,86,17.916.945,1.535.497,19.452.443,93090
